 numeric code,Location,Sex,Note,2000.00,2005,2010,2015,2020
900,World,Both sexes combined,,6145006.99,6542159.383,6958169.159,7383008.82,7795482.309
900,World,Female,,3052010.87,3246037.789,3449929.767,3658876.55,3862706.137
900,World,Male,,3092996.21,3296121.711,3508239.442,3724132.11,3932776.019
901,   More developed regions,Both sexes combined,a,1190504.74,1210545.53,1235142.506,1253206.546,1269276.846
901,   More developed regions,Female,a,611686.18,621663.24,634068.092,642693.119,650101.768
901,   More developed regions,Male,a,578818.57,588882.367,601074.447,610513.364,619175.098
902,   Less developed regions,Both sexes combined,b,4954502.25,5331613.853,5723026.653,6129802.274,6526205.463
902,   Less developed regions,Female,b,2440324.69,2624374.549,2815861.675,3016183.431,3212604.369
902,   Less developed regions,Male,b,2514177.64,2707239.344,2907164.995,3113618.746,3313600.921
941,      Least developed countries,Both sexes combined,c,664804.76,754118.072,848791.962,956631.108,1073984.277
941,      Least developed countries,Female,c,333366.00,378041.712,426169.414,480044.441,538680.111
941,      Least developed countries,Male,c,331438.77,376076.325,422622.596,476586.671,535304.148
934,"      Less developed regions, excluding least developed countries",Both sexes combined,d,4289697.49,4577495.781,4874234.691,5173171.166,5452221.186
934,"      Less developed regions, excluding least developed countries",Female,d,2106958.69,2246332.837,2389692.261,2536138.99,2673924.258
934,"      Less developed regions, excluding least developed countries",Male,d,2182738.87,2331163.019,2484542.399,2637032.075,2778296.773
948,"   Less developed regions, excluding China",Both sexes combined,,3642371.42,3980077.157,4332606.955,4701441.323,5069639.765
948,"   Less developed regions, excluding China",Female,,1801815.10,1967367.948,2140509.487,2322966.57,2505739.872
948,"   Less developed regions, excluding China",Male,,1840556.38,2012709.251,2192097.479,2378474.66,2563899.725
1503,   High-income countries,Both sexes combined,e,1070130.22,1106701.844,1148592.393,1180060.957,1207775.438
1503,   High-income countries,Female,e,542300.50,559363.137,578362.115,592938.1,605521.492
1503,   High-income countries,Male,e,527829.78,547338.743,570230.27,587122.81,602253.91
1517,   Middle-income countries,Both sexes combined,e,4647489.69,4944485.729,5246881.509,5558263.979,5852576.168
1517,   Middle-income countries,Female,e,2294112.51,2439316.232,2588098.142,2741602.104,2887805.667
1517,   Middle-income countries,Male,e,2353377.19,2505169.572,2658783.439,2816661.811,2964770.47
1501,      Lower-middle-income countries,Both sexes combined,e,2339911.63,2546842.104,2757470.386,2969900.999,3182454.145
1501,      Lower-middle-income countries,Female,e,1149723.13,1250836.034,1354055.055,1458825.242,1564236.509
1501,      Lower-middle-income countries,Male,e,1190188.53,1296006.073,1403415.363,1511075.758,1618217.619
1502,      Upper-middle-income countries,Both sexes combined,e,2307578.06,2397643.625,2489411.123,2588362.98,2670122.023
1502,      Upper-middle-income countries,Female,e,1144389.38,1188480.198,1234043.087,1282776.862,1323569.158
1502,      Upper-middle-income countries,Male,e,1163188.66,1209163.499,1255368.076,1305586.053,1346552.851
1500,   Low-income countries,Both sexes combined,e,425129.55,488440.913,560007.444,641858.608,732132.8
1500,   Low-income countries,Female,e,214451.62,246075.059,282093.254,322888.514,367842.666
1500,   Low-income countries,Male,e,210677.96,242365.834,277914.213,318970.093,364290.1
947,   Sub-Saharan Africa,Both sexes combined,f,645007.13,736925.453,845136.154,969234.251,1106572.881
947,   Sub-Saharan Africa,Female,f,324317.18,370338.586,424331.549,486039.823,554392.518
947,   Sub-Saharan Africa,Male,f,320689.97,366586.841,420804.62,483194.39,552180.286
903,   Africa,Both sexes combined,,817566.00,924757.708,1049446.344,1194369.908,1352622.189
903,   Africa,Female,,410139.08,463804.118,526140.763,598112.714,676814.953
903,   Africa,Male,,407426.91,460953.559,523305.6,596257.147,675807.171
910,      Eastern Africa,Both sexes combined,,261113.89,300599.706,346987.498,399458.026,457439.68
910,      Eastern Africa,Female,,131874.39,151770.841,175041.32,201333.131,230352.244
910,      Eastern Africa,Male,,129239.49,148828.854,171946.211,198124.857,227087.377
108,         Burundi,Both sexes combined,,6400.71,7423.289,8766.93,10199.27,11939.227
108,         Burundi,Female,,3260.00,3772.654,4461.967,5183.995,6057.12
108,         Burundi,Male,,3140.70,3650.627,4304.969,5015.272,5882.103
174,         Comoros,Both sexes combined,,542.36,611.627,689.692,777.424,869.601
174,         Comoros,Female,,269.51,303.613,342.069,385.346,430.942
174,         Comoros,Male,,272.85,308.012,347.627,392.089,438.653
262,         Djibouti,Both sexes combined,,717.58,783.254,851.146,927.414,999.899
262,         Djibouti,Female,,356.82,389.622,423.588,461.853,498.384
262,         Djibouti,Male,,360.76,393.626,427.561,465.561,501.516
232,         Eritrea,Both sexes combined,,3392.80,3969.007,4390.84,4846.976,5432.216
232,         Eritrea,Female,,1696.52,1983.985,2193.336,2419.187,2708.94
232,         Eritrea,Male,,1696.29,1985.025,2197.503,2427.799,2723.27
231,         Ethiopia,Both sexes combined,,66537.33,76727.083,87702.67,99873.033,112759.07
231,         Ethiopia,Female,,33360.68,38450.795,43934.519,50012.145,56448.372
231,         Ethiopia,Male,,33176.66,38276.287,43768.157,49860.882,56310.699
404,         Kenya,Both sexes combined,,31450.48,36048.288,41350.152,47236.259,53491.697
404,         Kenya,Female,,15831.34,18138.666,20796.269,23759.244,26906.587
404,         Kenya,Male,,15619.14,17909.625,20553.888,23477.023,26585.106
450,         Madagascar,Both sexes combined,,15766.81,18336.724,21151.64,24234.088,27690.798
450,         Madagascar,Female,,7916.32,9206.229,10615.345,12152.289,13876.181
450,         Madagascar,Male,,7850.49,9130.493,10536.295,12081.791,13814.616
454,         Malawi,Both sexes combined,,11376.17,13039.711,15167.095,17573.607,20283.691
454,         Malawi,Female,,5765.81,6603.728,7668.292,8871.473,10229.577
454,         Malawi,Male,,5610.35,6435.982,7498.804,8702.133,10054.124
480,         Mauritius,Both sexes combined,1,1185.15,1222.003,1247.955,1259.456,1274.114
480,         Mauritius,Female,1,597.45,616.39,629.375,635.662,645.513
480,         Mauritius,Male,1,587.69,605.62,618.578,623.795,628.595
175,         Mayotte,Both sexes combined,,150.33,178.098,208.718,240.02,273.11
175,         Mayotte,Female,,74.27,90.327,106.683,122.136,138.746
175,         Mayotte,Male,,76.06,87.776,102.033,117.875,134.351
508,         Mozambique,Both sexes combined,,18067.69,20923.07,24221.405,28010.691,32309.195
508,         Mozambique,Female,,9401.48,10817.067,12460.012,14350.344,16497.724
508,         Mozambique,Male,,8666.20,10106.007,11761.394,13660.351,15811.457
638,         Réunion,Both sexes combined,,736.71,791.598,830.519,863.363,896.536
638,         Réunion,Female,,377.19,403.143,428.375,445.266,462.577
638,         Réunion,Male,,359.53,388.455,402.132,418.093,433.948
646,         Rwanda,Both sexes combined,,8025.70,8991.735,10246.842,11629.553,13087.173
646,         Rwanda,Female,,4110.74,4597.014,5229.828,5928.316,6667.723
646,         Rwanda,Male,,3914.96,4394.718,5017.009,5701.23,6419.45
690,         Seychelles,Both sexes combined,,81.15,88.744,91.405,93.742,96.112
690,         Seychelles,Female,,40.73,44.406,44.262,47.286,48.712
690,         Seychelles,Male,,40.42,44.341,47.139,46.453,47.405
706,         Somalia,Both sexes combined,,9011.48,10409.925,12053.223,13908.129,16105.174
706,         Somalia,Female,,4495.28,5198.619,6035.996,6979.084,8081.856
706,         Somalia,Male,,4516.20,5211.302,6017.235,6929.042,8023.32
728,         South Sudan,Both sexes combined,,6700.66,8108.877,10067.192,11882.136,13610.007
728,         South Sudan,Female,,3363.00,4063.072,5034.945,5932.058,6785.749
728,         South Sudan,Male,,3337.67,4045.798,5032.251,5950.069,6824.253
800,         Uganda,Both sexes combined,,24039.27,28543.94,33915.133,40144.87,47187.703
800,         Uganda,Female,,12155.01,14410.903,17074.599,20182.781,23705.818
800,         Uganda,Male,,11884.26,14133.031,16840.539,19962.086,23481.884
834,         United Republic of Tanzania,Both sexes combined,2,34178.04,39410.545,46098.591,53879.957,62774.619
834,         United Republic of Tanzania,Female,2,17263.72,19969.893,23349.004,27253.074,31696.864
834,         United Republic of Tanzania,Male,2,16914.32,19440.653,22749.591,26626.877,31077.748
894,         Zambia,Both sexes combined,,10531.22,12052.156,13850.033,16100.587,18679.273
894,         Zambia,Female,,5323.08,6085.268,6985.74,8112.239,9410.937
894,         Zambia,Male,,5208.14,5966.889,6864.296,7988.34,9268.344
716,         Zimbabwe,Both sexes combined,,12222.25,12940.032,14086.317,15777.451,17680.465
716,         Zimbabwe,Female,,6215.45,6625.447,7227.116,8099.353,9053.922
716,         Zimbabwe,Male,,6006.80,6314.587,6859.21,7678.096,8626.535
911,      Middle Africa,Both sexes combined,,96098.87,111954.048,131351.399,153742.724,178959.265
911,      Middle Africa,Female,,48495.80,56394.67,66037.382,77178.982,89752.115
911,      Middle Africa,Male,,47603.06,55559.377,65314.021,76563.733,89207.129
24,         Angola,Both sexes combined,,16440.92,19552.542,23369.131,27859.305,32827.401
24,         Angola,Female,,8407.38,9995.794,11936.012,14205.74,16718.38
24,         Angola,Male,,8033.54,9556.744,11433.112,13653.563,16109.023
120,         Cameroon,Both sexes combined,,15274.23,17420.795,19970.495,22834.522,25958.184
120,         Cameroon,Female,,7660.63,8722.279,9985.022,11410.454,12960.135
120,         Cameroon,Male,,7613.61,8698.514,9985.48,11424.075,12998.044
140,         Central African Republic,Both sexes combined,,3754.99,4127.91,4448.525,4546.1,4920.889
140,         Central African Republic,Female,,1907.22,2093.008,2253.891,2303.828,2493.404
140,         Central African Republic,Male,,1847.76,2034.901,2194.63,2242.275,2427.479
148,         Chad,Both sexes combined,,8342.56,10067.009,11887.202,14009.413,16285.093
148,         Chad,Female,,4187.08,5041.948,5942.189,6998.24,8131.218
148,         Chad,Male,,4155.47,5025.054,5945.019,7011.174,8153.875
178,         Congo,Both sexes combined,,3225.73,3718.243,4386.693,4995.648,5686.917
178,         Congo,Female,,1615.15,1860.063,2192.709,2496.699,2842.201
178,         Congo,Male,,1610.58,1858.182,2193.991,2498.945,2844.717
180,         Democratic Republic of the Congo,Both sexes combined,,47076.39,54751.476,64523.263,76196.619,89505.201
180,         Democratic Republic of the Congo,Female,,23731.84,27546.763,32401.848,38200.541,44823.072
180,         Democratic Republic of the Congo,Male,,23344.55,27204.717,32121.415,37996.074,44682.112
226,         Equatorial Guinea,Both sexes combined,,614.32,757.317,951.104,1175.389,1406.28
226,         Equatorial Guinea,Female,,296.26,356.143,434.623,526.976,625.814
226,         Equatorial Guinea,Male,,318.06,401.184,516.479,648.404,780.462
266,         Gabon,Both sexes combined,,1231.12,1403.126,1640.21,1930.175,2151.289
266,         Gabon,Female,,620.44,700.401,803.282,938.316,1048.462
266,         Gabon,Male,,610.67,702.725,836.931,991.862,1102.827
678,         Sao Tome and Principe,Both sexes combined,,138.61,155.63,174.776,195.553,218.011
678,         Sao Tome and Principe,Female,,69.79,78.271,87.806,98.188,109.429
678,         Sao Tome and Principe,Male,,68.81,77.356,86.964,97.361,108.59
912,      Northern Africa,Both sexes combined,,172558.87,187832.255,204310.19,225135.657,246049.308
912,      Northern Africa,Female,,85821.91,93465.532,101809.214,112072.891,122422.435
912,      Northern Africa,Male,,86736.94,94366.718,102500.98,113062.757,123626.885
12,         Algeria,Both sexes combined,,31183.66,33288.437,36117.637,39871.528,43333.255
12,         Algeria,Female,,15380.51,16452.871,17887.241,19738.059,21448.583
12,         Algeria,Male,,15803.15,16835.565,18230.4,20133.472,21884.68
818,         Egypt,Both sexes combined,,69905.99,76778.149,84107.606,93778.172,102941.484
818,         Egypt,Female,,34741.73,38071.514,41641.633,46369.234,50895.684
818,         Egypt,Male,,35164.26,38706.637,42465.97,47408.942,52045.801
434,         Libya,Both sexes combined,,5355.75,5792.688,6169.14,6234.955,6662.173
434,         Libya,Female,,2575.49,2805.685,3019.589,3086.641,3306.073
434,         Libya,Male,,2780.26,2986.999,3149.563,3148.308,3356.103
504,         Morocco,Both sexes combined,,28849.62,30521.07,32409.639,34803.322,37070.718
504,         Morocco,Female,,14555.64,15445.757,16436.823,17582.909,18696.042
504,         Morocco,Male,,14293.98,15075.319,15972.814,17220.41,18374.677
729,         Sudan,Both sexes combined,,27250.54,30911.914,34385.963,38647.803,43541.203
729,         Sudan,Female,,13585.67,15411.916,17232.706,19342.802,21770.989
729,         Sudan,Male,,13664.87,15499.995,17153.255,19304.999,21770.213
788,         Tunisia,Both sexes combined,,9699.20,10102.482,10639.931,11273.661,11903.136
788,         Tunisia,Female,,4833.19,5070.945,5363.833,5703.301,6019.994
788,         Tunisia,Male,,4865.99,5031.531,5276.099,5570.36,5883.151
732,         Western Sahara,Both sexes combined,,314.12,437.515,480.274,526.216,597.339
732,         Western Sahara,Female,,149.68,206.844,227.389,249.945,285.07
732,         Western Sahara,Male,,164.43,230.672,252.879,276.266,312.26
913,      Southern Africa,Both sexes combined,,52286.08,55764.05,59016.093,63419.639,67595.044
913,      Southern Africa,Female,,26655.07,28422.407,30066.556,32306.097,34468.965
913,      Southern Africa,Male,,25631.01,27341.64,28949.547,31113.546,33126.074
72,         Botswana,Both sexes combined,,1728.34,1855.852,2014.866,2209.197,2415.766
72,         Botswana,Female,,876.33,939.818,1018.675,1117.555,1220.674
72,         Botswana,Male,,852.00,916.027,996.189,1091.64,1195.089
426,         Lesotho,Both sexes combined,,1868.70,1949.543,2040.551,2174.645,2322.217
426,         Lesotho,Female,,969.39,1007.296,1052.151,1119.928,1192.463
426,         Lesotho,Male,,899.30,942.243,988.404,1054.725,1129.75
516,         Namibia,Both sexes combined,,1899.26,2032.196,2173.17,2425.561,2696.537
516,         Namibia,Female,,970.75,1044.651,1120.726,1246.821,1383.053
516,         Namibia,Male,,928.51,987.548,1052.446,1178.734,1313.486
710,         South Africa,Both sexes combined,,45728.32,48820.586,51584.663,55291.225,58721.229
710,         South Africa,Female,,23287.95,24859.928,26255.47,28141.909,29929.942
710,         South Africa,Male,,22440.37,23960.662,25329.199,27149.317,28791.293
748,         Swaziland,Both sexes combined,,1061.47,1105.873,1202.843,1319.011,1439.295
748,         Swaziland,Female,,550.65,570.714,619.534,679.884,742.833
748,         Swaziland,Male,,510.82,535.16,583.309,639.13,696.456
914,      Western Africa,Both sexes combined,3,235508.30,268607.649,307781.164,352613.862,402578.892
914,      Western Africa,Female,3,117291.91,133750.668,153186.291,175221.613,199819.194
914,      Western Africa,Male,3,118216.42,134856.97,154594.841,177392.254,202759.706
204,         Benin,Both sexes combined,,6865.95,7982.225,9199.259,10575.952,12122.985
204,         Benin,Female,,3483.09,4026.821,4630.42,5305.83,6068.873
204,         Benin,Male,,3382.86,3955.402,4568.834,5270.132,6054.109
854,         Burkina Faso,Both sexes combined,,11607.94,13421.93,15605.217,18110.624,20903.345
854,         Burkina Faso,Female,,5906.29,6799.932,7867.592,9091.844,10458.597
854,         Burkina Faso,Male,,5701.66,6622.003,7737.619,9018.772,10444.751
132,         Cabo Verde,Both sexes combined,,435.08,474.567,502.384,532.913,567.348
132,         Cabo Verde,Female,,225.20,242.427,252.786,267.545,284.261
132,         Cabo Verde,Male,,209.88,232.139,249.595,265.363,283.085
384,         Côte d'Ivoire,Both sexes combined,,16686.56,18336.303,20401.331,23108.472,26171.75
384,         Côte d'Ivoire,Female,,8076.63,8935.191,9992.365,11379.958,12948.408
384,         Côte d'Ivoire,Male,,8609.93,9401.109,10408.967,11728.519,13223.344
270,         Gambia,Both sexes combined,,1231.84,1444.204,1692.149,1977.59,2293.493
270,         Gambia,Female,,619.91,728.09,854.116,998.625,1158.385
270,         Gambia,Male,,611.94,716.125,838.031,978.959,1135.107
288,         Ghana,Both sexes combined,,18938.76,21542.009,24512.104,27582.821,30733.755
288,         Ghana,Female,,9373.77,10778.294,12378.251,13858.891,15399.349
288,         Ghana,Male,,9564.98,10763.707,12133.842,13723.929,15334.41
324,         Guinea,Both sexes combined,,8808.55,9679.745,10794.17,12091.533,13750.826
324,         Guinea,Female,,4422.25,4841.092,5394.253,6032.162,6852.039
324,         Guinea,Male,,4386.30,4838.658,5399.923,6059.372,6898.785
624,         Guinea-Bissau,Both sexes combined,,1243.23,1380.838,1555.88,1770.526,2000.694
624,         Guinea-Bissau,Female,,634.94,706.553,793.189,900.195,1015.074
624,         Guinea-Bissau,Male,,608.28,674.287,762.68,870.333,985.62
430,         Liberia,Both sexes combined,,2884.52,3261.23,3948.125,4499.621,5103.853
430,         Liberia,Female,,1443.10,1626.14,1962.749,2231.332,2526.064
430,         Liberia,Male,,1441.42,1635.086,1985.387,2268.288,2577.788
466,         Mali,Both sexes combined,,10967.69,12798.763,15075.085,17467.905,20284.18
466,         Mali,Female,,5527.49,6427.935,7544.177,8732.268,10121.503
466,         Mali,Male,,5440.20,6370.826,7530.904,8735.645,10162.68
478,         Mauritania,Both sexes combined,,2709.36,3130.72,3609.543,4182.341,4783.767
478,         Mauritania,Female,,1355.24,1562.468,1797.102,2076.145,2370.696
478,         Mauritania,Male,,1354.13,1568.249,1812.44,2106.193,2413.069
562,         Niger,Both sexes combined,,11352.97,13618.449,16425.578,19896.965,24074.693
562,         Niger,Female,,5718.34,6833.662,8215.975,9929.261,11985.806
562,         Niger,Male,,5634.64,6784.789,8209.607,9967.702,12088.885
566,         Nigeria,Both sexes combined,,122352.01,138939.478,158578.261,181181.744,206152.701
566,         Nigeria,Female,,60667.14,68779.523,78374.055,89413.015,101627.887
566,         Nigeria,Male,,61684.87,70159.951,80204.204,91768.732,104524.811
654,         Saint Helena,Both sexes combined,,5.11,4.275,4.177,4.034,4.126
686,         Senegal,Both sexes combined,,9884.05,11251.266,12916.229,14976.994,17200.154
686,         Senegal,Female,,5019.56,5733.5,6592.433,7626.013,8739.041
686,         Senegal,Male,,4864.49,5517.768,6323.796,7350.978,8461.117
694,         Sierra Leone,Both sexes combined,,4564.30,5658.379,6458.72,7237.025,8046.931
694,         Sierra Leone,Female,,2310.95,2867.31,3268.921,3655.459,4058.623
694,         Sierra Leone,Male,,2253.35,2791.064,3189.798,3581.569,3988.319
768,         Togo,Both sexes combined,,4970.37,5683.268,6502.952,7416.802,8384.291
768,         Togo,Female,,2505.44,2859.647,3265.86,3721.088,4202.546
768,         Togo,Male,,2464.92,2823.622,3237.086,3695.718,4181.744
935,   Asia,Both sexes combined,,3730370.63,3964342.662,4194425.212,4419897.601,4623454.191
935,   Asia,Female,,1825698.86,1937910.075,2048471.965,2158307.634,2258388.455
935,   Asia,Male,,1904671.84,2026432.638,2145953.27,2261589.969,2365065.7
906,      Eastern Asia,Both sexes combined,,1512377.60,1555011.573,1595828.675,1635150.365,1663618.587
906,      Eastern Asia,Female,,739977.63,760228.967,779690.992,798336.761,812207.076
906,      Eastern Asia,Male,,772399.98,794782.615,816137.684,836813.595,851411.505
156,         China,Both sexes combined,4,1283198.97,1321623.49,1359755.102,1397028.553,1424548.266
156,         China,Female,4,624197.97,642079.226,659872.868,677268.59,690458.38
156,         China,Male,4,659001.00,679544.263,699882.239,719759.957,734089.888
344,"         China, Hong Kong SAR",Both sexes combined,5,6663.65,6827.761,7025.221,7245.701,7547.652
344,"         China, Hong Kong SAR",Female,5,3389.28,3551.805,3729.032,3896.654,4099.142
344,"         China, Hong Kong SAR",Male,5,3274.39,3275.954,3296.188,3349.042,3448.509
446,"         China, Macao SAR",Both sexes combined,6,427.98,482.559,536.969,600.942,651.875
446,"         China, Macao SAR",Female,6,222.97,253.316,279.284,312.692,338.478
446,"         China, Macao SAR",Male,6,205.00,229.249,257.686,288.256,313.398
158,"         China, Taiwan Province of China",Both sexes combined,,21840.24,22602.886,23102.406,23485.755,23817.905
158,"         China, Taiwan Province of China",Female,,10699.37,11122.254,11471.004,11738.925,11968.497
158,"         China, Taiwan Province of China",Male,,11140.87,11480.627,11631.403,11746.831,11849.401
408,         Dem. People's Republic of Korea,Both sexes combined,,22929.08,23904.167,24591.599,25243.917,25840.863
408,         Dem. People's Republic of Korea,Female,,11751.35,12233.823,12575.133,12898.958,13200.684
408,         Dem. People's Republic of Korea,Male,,11177.73,11670.344,12016.471,12344.958,12640.183
392,         Japan,Both sexes combined,,127533.93,128335.767,128551.873,127974.958,126495.647
392,         Japan,Female,,64904.36,65445.278,65672.569,65449.013,64770.317
392,         Japan,Male,,62629.57,62890.489,62879.304,62525.946,61725.327
496,         Mongolia,Both sexes combined,,2397.44,2526.446,2712.65,2976.877,3209.404
496,         Mongolia,Female,,1201.83,1269.518,1366.755,1502.93,1624.237
496,         Mongolia,Male,,1195.61,1256.932,1345.895,1473.946,1585.159
410,         Republic of Korea,Both sexes combined,,47386.31,48708.497,49552.855,50593.662,51506.975
410,         Republic of Korea,Female,,23610.50,24273.747,24724.347,25268.999,25747.341
410,         Republic of Korea,Male,,23775.81,24434.757,24828.498,25324.659,25759.64
921,      South-Central Asia,Both sexes combined,7,1508317.04,1641830.209,1768530.742,1892013.476,2009437.029
921,      South-Central Asia,Female,7,731330.82,795626.642,858132.413,918977.009,976900.864
921,      South-Central Asia,Male,7,776986.25,846203.61,910398.327,973036.459,1032536.161
5500,         Central Asia,Both sexes combined,,55559.34,58737.838,63156.447,68705.005,73821.123
5500,         Central Asia,Female,,28189.42,29772.955,31967.786,34730.826,37308.224
5500,         Central Asia,Male,,27369.92,28964.913,31188.654,33974.158,36512.895
398,            Kazakhstan,Both sexes combined,,15057.36,15541.457,16398.976,17749.648,18777.139
398,            Kazakhstan,Female,,7813.93,8054.305,8471.909,9154.569,9684.117
398,            Kazakhstan,Male,,7243.43,7487.156,7927.069,8595.071,9093.02
417,            Kyrgyzstan,Both sexes combined,,4920.72,5075.38,5422.337,5865.401,6301.718
417,            Kyrgyzstan,Female,,2487.72,2559.627,2742.637,2957.369,3179.396
417,            Kyrgyzstan,Male,,2432.99,2515.75,2679.705,2908.034,3122.326
762,            Tajikistan,Both sexes combined,,6216.21,6854.176,7641.63,8548.651,9475.246
762,            Tajikistan,Female,,3102.55,3404.267,3790.275,4251.299,4721.762
762,            Tajikistan,Male,,3113.66,3449.921,3851.349,4297.346,4753.494
795,            Turkmenistan,Both sexes combined,,4516.13,4754.641,5087.21,5565.284,6031.195
795,            Turkmenistan,Female,,2293.29,2415.761,2584.695,2825.21,3061.874
795,            Turkmenistan,Male,,2222.83,2338.887,2502.513,2740.069,2969.31
860,            Uzbekistan,Both sexes combined,,24848.92,26512.184,28606.294,30976.021,33235.825
860,            Uzbekistan,Female,,12491.93,13338.995,14378.27,15542.379,16661.075
860,            Uzbekistan,Male,,12357.00,13173.199,14228.018,15433.638,16574.745
5501,         Southern Asia,Both sexes combined,,1452757.70,1583092.371,1705374.295,1823308.471,1935615.906
5501,         Southern Asia,Female,,703141.40,765853.687,826164.627,884246.183,939592.64
5501,         Southern Asia,Male,,749616.33,817238.697,879209.673,939062.301,996023.266
4,            Afghanistan,Both sexes combined,,20093.76,25070.798,28803.167,33736.494,38054.941
4,            Afghanistan,Female,,9746.78,12101.55,14005.472,16346.869,18472.624
4,            Afghanistan,Male,,10346.99,12969.246,14797.692,17389.625,19582.321
50,            Bangladesh,Both sexes combined,,131581.24,143431.101,152149.102,161200.886,169775.309
50,            Bangladesh,Female,,64436.55,70379.648,75208.038,79857.915,84258.924
50,            Bangladesh,Male,,67144.70,73051.458,76941.073,81342.973,85516.386
64,            Bhutan,Both sexes combined,,573.42,656.639,727.641,787.386,835.245
64,            Bhutan,Female,,280.70,311.752,342.031,368.944,393.352
64,            Bhutan,Male,,292.71,344.888,385.614,418.443,441.9
356,            India,Both sexes combined,,1053050.91,1144118.674,1230980.691,1309053.98,1383197.753
356,            India,Female,,507537.34,551056.671,592508.747,630489.69,666826.961
356,            India,Male,,545513.56,593062.002,638471.937,678564.294,716370.793
364,            Iran (Islamic Republic of),Both sexes combined,,66131.85,70421.811,74567.511,79360.487,83587.129
364,            Iran (Islamic Republic of),Female,,32600.99,34458.28,36851.012,39418.737,41578.789
364,            Iran (Islamic Republic of),Male,,33530.88,35963.531,37716.501,39941.755,42008.34
462,            Maldives,Both sexes combined,,280.38,318.836,364.511,418.403,458.909
462,            Maldives,Female,,138.43,150.784,164.873,181.741,197.256
462,            Maldives,Male,,141.96,168.064,199.635,236.665,261.647
524,            Nepal,Both sexes combined,,23740.91,25640.287,27023.137,28656.282,30260.244
524,            Nepal,Female,,11934.59,12917.903,13841.577,14752.912,15542.985
524,            Nepal,Male,,11806.32,12722.375,13181.56,13903.375,14717.261
586,            Pakistan,Both sexes combined,,138523.29,153909.667,170560.182,189380.513,208362.334
586,            Pakistan,Female,,67052.15,74577.799,82873.404,92094.177,101346.248
586,            Pakistan,Male,,71471.14,79331.874,87686.774,97286.329,107016.079
144,            Sri Lanka,Both sexes combined,,18781.94,19524.558,20198.353,20714.04,21084.042
144,            Sri Lanka,Female,,9413.88,9899.3,10369.473,10735.198,10975.501
144,            Sri Lanka,Male,,9368.07,9625.259,9828.887,9978.842,10108.539
920,      South-Eastern Asia,Both sexes combined,,524657.12,561770.198,597327.771,634609.846,669016.297
920,      South-Eastern Asia,Female,,263399.79,281827.516,298807.541,317583.557,335199.065
920,      South-Eastern Asia,Male,,261257.33,279942.67,298520.219,317026.293,333817.208
96,         Brunei Darussalam,Both sexes combined,,333.24,365.158,388.662,417.542,444.519
96,         Brunei Darussalam,Female,,164.49,178.762,187.995,202.446,215.971
96,         Brunei Darussalam,Male,,168.75,186.402,200.662,215.1,228.543
116,         Cambodia,Both sexes combined,,12152.35,13270.201,14308.74,15517.635,16715.508
116,         Cambodia,Female,,6246.28,6829.733,7338.384,7949.051,8554.488
116,         Cambodia,Male,,5906.07,6440.468,6970.352,7568.575,8161.022
360,         Indonesia,Both sexes combined,,211540.43,226712.73,242524.123,258162.113,272222.987
360,         Indonesia,Female,,105672.08,112891.718,120245.778,128123.149,135301.925
360,         Indonesia,Male,,105868.35,113821.016,122278.344,130038.965,136921.057
418,         Lao People's Democratic Republic,Both sexes combined,,5329.30,5754.026,6246.274,6663.967,7164.822
418,         Lao People's Democratic Republic,Female,,2672.35,2900.065,3138.888,3342.385,3587.251
418,         Lao People's Democratic Republic,Male,,2656.94,2853.959,3107.387,3321.589,3577.577
458,         Malaysia,Both sexes combined,8,23185.61,25659.393,28112.289,30723.155,32869.323
458,         Malaysia,Female,8,11373.10,12510.515,13624.432,14846.228,15946.866
458,         Malaysia,Male,8,11812.51,13148.877,14487.868,15876.923,16922.451
104,         Myanmar,Both sexes combined,,46095.46,48482.614,50155.896,52403.669,54808.276
104,         Myanmar,Female,,23575.67,24800.75,25677.919,26810.525,28041.839
104,         Myanmar,Male,,22519.79,23681.861,24477.977,25593.153,26766.437
608,         Philippines,Both sexes combined,,77991.57,86274.237,93726.624,101716.359,109703.396
608,         Philippines,Female,,38711.19,42912.666,46416.787,50478.481,54566.226
608,         Philippines,Male,,39280.39,43361.572,47309.832,51237.883,55137.168
702,         Singapore,Both sexes combined,,3913.96,4491.042,5074.252,5535.262,5935.053
702,         Singapore,Female,,1958.66,2262.062,2570.47,2801.36,3001.876
702,         Singapore,Male,,1955.30,2228.974,2503.787,2733.891,2933.168
764,         Thailand,Both sexes combined,,62958.02,65425.47,67208.808,68657.6,69410.868
764,         Thailand,Female,,31862.21,33248.152,34271.289,35132.148,35630.262
764,         Thailand,Male,,31095.80,32177.314,32937.515,33525.445,33780.604
626,         Timor-Leste,Both sexes combined,,871.61,1026.484,1109.591,1240.977,1381.4
626,         Timor-Leste,Female,,429.59,506.074,546.157,610.778,679.925
626,         Timor-Leste,Male,,442.01,520.409,563.431,630.206,701.471
704,         Viet Nam,Both sexes combined,,80285.56,84308.843,88472.512,93571.567,98360.145
704,         Viet Nam,Female,,40734.16,42787.019,44789.442,47287.006,49672.436
704,         Viet Nam,Male,,39551.41,41521.818,43683.064,46284.563,48687.71
922,      Western Asia,Both sexes combined,,185018.88,205730.682,232738.024,258123.914,281382.278
922,      Western Asia,Female,,90990.62,100226.95,111841.019,123410.307,134081.45
922,      Western Asia,Male,,94028.28,105503.743,120897.04,134713.622,147300.826
51,         Armenia,Both sexes combined,,3069.59,2981.259,2877.311,2916.95,2938.679
51,         Armenia,Female,,1628.67,1579.384,1530.958,1546.195,1556.004
51,         Armenia,Male,,1440.92,1401.868,1346.35,1370.76,1382.678
31,         Azerbaijan,Both sexes combined,9,8122.74,8538.606,9032.457,9617.484,10099.743
31,         Azerbaijan,Female,9,4151.29,4331.801,4557.375,4831.489,5064.844
31,         Azerbaijan,Male,9,3971.46,4206.809,4475.09,4786.005,5034.901
48,         Bahrain,Both sexes combined,,664.61,889.168,1240.862,1371.855,1697.765
48,         Bahrain,Female,,283.39,355.018,466.813,525.099,606.649
48,         Bahrain,Male,,381.22,534.143,774.053,846.759,1091.118
196,         Cyprus,Both sexes combined,10,943.29,1027.658,1112.607,1160.985,1207.343
196,         Cyprus,Female,10,467.86,507.185,557.033,579.588,603.845
196,         Cyprus,Male,10,475.43,520.472,555.578,581.395,603.505
268,         Georgia,Both sexes combined,11,4722.06,4486.547,4231.661,3951.524,3898.529
268,         Georgia,Female,11,2483.56,2367.085,2221.534,2065.578,2038.051
268,         Georgia,Male,11,2238.49,2119.465,2010.118,1885.939,1860.473
368,         Iraq,Both sexes combined,,23565.41,27008.426,30762.701,36115.649,41502.885
368,         Iraq,Female,,11675.70,13357.781,15213.7,17840.093,20482.858
368,         Iraq,Male,,11889.71,13650.648,15549.002,18275.557,21020.025
376,         Israel,Both sexes combined,,6013.74,6602.97,7425.959,8064.547,8713.559
376,         Israel,Female,,3050.21,3345.64,3757.868,4064.987,4376.556
376,         Israel,Male,,2963.54,3257.334,3668.088,3999.567,4337.008
400,         Jordan,Both sexes combined,,5103.13,5714.111,7182.39,9159.302,10208.662
400,         Jordan,Female,,2457.93,2765.918,3519.46,4518.329,5036.733
400,         Jordan,Male,,2645.21,2948.193,3662.927,4640.978,5171.931
414,         Kuwait,Both sexes combined,,2050.74,2276.623,2998.083,3935.794,4302.875
414,         Kuwait,Female,,852.24,932.343,1264.497,1674.808,1834.339
414,         Kuwait,Male,,1198.51,1344.277,1733.582,2260.98,2468.527
422,         Lebanon,Both sexes combined,,3235.37,3986.852,4337.141,5851.479,6019.795
422,         Lebanon,Female,,1630.22,1960.921,2125.452,2912.201,2996.784
422,         Lebanon,Male,,1605.15,2025.936,2211.69,2939.287,3023.01
512,         Oman,Both sexes combined,,2267.99,2511.269,3041.46,4199.81,5149.7
512,         Oman,Female,,994.74,1090.914,1206.907,1476.654,1723.863
512,         Oman,Male,,1273.25,1420.351,1834.557,2723.157,3425.835
634,         Qatar,Both sexes combined,,592.27,864.863,1779.676,2481.539,2791.807
634,         Qatar,Female,,205.93,280.454,430.199,610.372,710.079
634,         Qatar,Male,,386.34,584.403,1349.48,1871.168,2081.721
682,         Saudi Arabia,Both sexes combined,,20764.31,23905.654,27425.676,31557.144,34709.64
682,         Saudi Arabia,Female,,9455.09,10600.69,12025.048,13664.437,14763
682,         Saudi Arabia,Male,,11309.22,13304.966,15400.643,17892.693,19946.643
275,         State of Palestine,Both sexes combined,12,3223.01,3576.17,4066.829,4662.884,5322.629
275,         State of Palestine,Female,12,1589.04,1762.57,2004.302,2298.072,2623.599
275,         State of Palestine,Male,12,1633.97,1813.598,2062.524,2364.812,2699.033
760,         Syrian Arab Republic,Both sexes combined,,16410.85,18294.611,21018.834,18734.987,18924.442
760,         Syrian Arab Republic,Female,,8109.04,8960.364,10409.563,9258.761,9397.965
760,         Syrian Arab Republic,Male,,8301.81,9334.249,10609.286,9476.225,9526.473
792,         Turkey,Both sexes combined,,63240.12,67903.406,72326.914,78271.472,83835.75
792,         Turkey,Female,,32096.11,34483.84,36762.714,39768.385,42487.154
792,         Turkey,Male,,31144.01,33419.568,35564.195,38503.09,41348.604
784,         United Arab Emirates,Both sexes combined,,3154.93,4579.562,8270.684,9154.302,9813.17
784,         United Arab Emirates,Female,,1025.57,1362.164,2109.193,2459.583,2805.736
784,         United Arab Emirates,Male,,2129.35,3217.41,6161.489,6694.723,7007.432
887,         Yemen,Both sexes combined,,17874.73,20582.927,23606.779,26916.207,30245.305
887,         Yemen,Female,,8834.05,10182.878,11678.403,13315.676,14973.391
887,         Yemen,Male,,9040.68,10400.053,11928.388,13600.527,15271.909
908,   Europe,Both sexes combined,,727200.94,730289.682,737163.58,740813.959,743390.045
908,   Europe,Female,,376590.21,378127.855,381639.574,383120.953,383854.132
908,   Europe,Male,,350610.75,352161.92,355524.04,357692.962,359535.92
923,      Eastern Europe,Both sexes combined,,303957.55,297510.641,294540.681,293243.708,290776.392
923,      Eastern Europe,Female,,160112.49,157283.804,156086.248,155281.127,153957.45
923,      Eastern Europe,Male,,143845.06,140226.885,138454.467,137962.578,136818.914
112,         Belarus,Both sexes combined,,9933.61,9621.543,9473.071,9485.772,9415.431
112,         Belarus,Female,,5270.99,5130.263,5069.608,5072.611,5034.401
112,         Belarus,Male,,4662.62,4491.286,4403.462,4413.162,4381.031
100,         Bulgaria,Both sexes combined,,7997.79,7683.763,7404.59,7177.396,6940.527
100,         Bulgaria,Female,,4100.11,3944.721,3799.445,3687.292,3567.096
100,         Bulgaria,Male,,3897.67,3739.041,3605.148,3490.1,3373.426
203,         Czechia,Both sexes combined,,10289.59,10258.176,10536.286,10603.762,10633.424
203,         Czechia,Female,,5284.03,5261.645,5364.879,5393.362,5403.043
203,         Czechia,Male,,5005.56,4996.535,5171.406,5210.402,5230.385
348,         Hungary,Both sexes combined,,10221.05,10086.465,9927.84,9783.925,9621.254
348,         Hungary,Female,,5358.40,5300.159,5217.246,5133.594,5038.728
348,         Hungary,Male,,4862.65,4786.311,4710.604,4650.332,4582.523
616,         Poland,Both sexes combined,,38550.50,38362.666,38323.402,38265.226,37942.231
616,         Poland,Female,,19835.19,19788.613,19794.212,19781.463,19623.65
616,         Poland,Male,,18715.31,18574.061,18529.195,18483.758,18318.572
498,         Republic of Moldova,Both sexes combined,13,4201.09,4157.699,4084.481,4065.98,4017.687
498,         Republic of Moldova,Female,13,2190.32,2166.465,2120.759,2112.571,2094.596
498,         Republic of Moldova,Male,13,2010.77,1991.243,1963.731,1953.406,1923.081
642,         Romania,Both sexes combined,,22128.13,21431.018,20440.347,19876.621,19388.362
642,         Romania,Female,,11302.97,10985.155,10516.19,10243.414,9997.007
642,         Romania,Male,,10825.16,10445.87,9924.158,9633.206,9391.353
643,         Russian Federation,Both sexes combined,,146396.51,143618.185,143153.869,143888.004,143786.842
643,         Russian Federation,Female,,77887.02,76783.441,76765.05,77040.422,76973.14
643,         Russian Federation,Male,,68509.48,66834.749,66388.824,66847.575,66813.703
703,         Slovakia,Both sexes combined,,5399.21,5398.963,5404.294,5439.318,5451.4
703,         Slovakia,Female,,2777.54,2781.485,2782.96,2795.652,2801.605
703,         Slovakia,Male,,2621.67,2617.477,2621.333,2643.669,2649.791
804,         Ukraine,Both sexes combined,14,48840.07,46892.163,45792.501,44657.704,43579.234
804,         Ukraine,Female,14,26105.92,25141.857,24655.899,24020.746,23424.184
804,         Ukraine,Male,14,22734.17,21750.312,21136.606,20636.968,20155.049
924,      Northern Europe,Both sexes combined,15,94543.86,96376.906,100313.727,103097.292,105863.133
924,      Northern Europe,Female,15,48450.92,49216.443,51066.078,52316.912,53574.227
924,      Northern Europe,Male,15,46092.94,47160.456,49247.663,50780.368,52288.913
830,         Channel Islands,Both sexes combined,16,148.73,154.294,159.581,163.758,167.578
830,         Channel Islands,Female,16,76.13,78.48,80.575,82.562,84.409
830,         Channel Islands,Male,16,72.59,75.818,79.009,81.187,83.171
208,         Denmark,Both sexes combined,,5341.19,5421.702,5554.844,5688.695,5796.8
208,         Denmark,Female,,2698.30,2736.374,2798.566,2859.887,2914.027
208,         Denmark,Male,,2642.90,2685.327,2756.283,2828.808,2882.77
233,         Estonia,Both sexes combined,,1399.11,1355.648,1332.102,1315.321,1300.559
233,         Estonia,Female,,746.55,725.664,711.747,700.141,689.519
233,         Estonia,Male,,652.56,629.986,620.356,615.189,611.038
234,         Faeroe Islands,Both sexes combined,,47.26,48.285,48.55,48.965,49.896
246,         Finland,Both sexes combined,17,5187.95,5258.927,5365.782,5481.966,5580.127
246,         Finland,Female,17,2655.38,2684.927,2732.453,2784.128,2824.821
246,         Finland,Male,17,2532.58,2574.006,2633.331,2697.84,2755.307
352,         Iceland,Both sexes combined,,280.44,294.979,320.328,330.243,343.228
352,         Iceland,Female,,140.10,147.07,158.96,164.552,170.769
352,         Iceland,Male,,140.34,147.906,161.382,165.685,172.466
372,         Ireland,Both sexes combined,,3848.78,4212.977,4626.928,4700.107,4887.992
372,         Ireland,Female,,1934.53,2108.641,2321.664,2368.984,2461.263
372,         Ireland,Male,,1914.26,2104.335,2305.264,2331.124,2426.727
833,         Isle of Man,Both sexes combined,,72.55,76.118,80.072,83.167,85.895
428,         Latvia,Both sexes combined,,2384.16,2251.983,2118.848,1992.663,1892.993
428,         Latvia,Female,,1288.58,1219.486,1148.578,1078.099,1022.823
428,         Latvia,Male,,1095.57,1032.499,970.263,914.568,870.17
440,         Lithuania,Both sexes combined,,3501.84,3344.252,3123.803,2931.926,2852.478
440,         Lithuania,Female,,1862.86,1790.673,1685.859,1581.755,1537.449
440,         Lithuania,Male,,1638.98,1553.57,1437.952,1350.16,1315.022
578,         Norway,Both sexes combined,18,4499.37,4632.364,4885.878,5199.836,5449.693
578,         Norway,Female,18,2270.36,2334.113,2443.436,2581.959,2692.982
578,         Norway,Male,18,2229.01,2298.246,2442.442,2617.868,2756.714
752,         Sweden,Both sexes combined,,8881.64,9038.623,9390.168,9763.565,10121.686
752,         Sweden,Female,,4489.38,4556.537,4712.987,4883.557,5047.927
752,         Sweden,Male,,4392.26,4482.09,4677.17,4880.005,5073.763
826,         United Kingdom,Both sexes combined,,58950.85,60286.754,63306.843,65397.08,67334.208
826,         United Kingdom,Female,,30228.53,30772.228,32207.098,33165.548,34060.685
826,         United Kingdom,Male,,28722.32,29514.523,31099.747,32231.542,33273.519
925,      Southern Europe,Both sexes combined,19,145657.35,150392.512,153943.085,152440.653,151553.054
925,      Southern Europe,Female,19,74477.07,76755.246,78610.153,78006.753,77453.709
925,      Southern Europe,Male,19,71180.29,73637.278,75332.904,74433.864,74099.365
8,         Albania,Both sexes combined,,3121.97,3079.179,2940.525,2923.352,2942.034
8,         Albania,Female,,1544.34,1535.172,1465.122,1447.487,1459.935
8,         Albania,Male,,1577.63,1544.008,1475.395,1475.867,1482.098
20,         Andorra,Both sexes combined,,65.39,78.867,84.449,78.014,77.184
70,         Bosnia and Herzegovina,Both sexes combined,,3766.71,3781.53,3722.084,3535.961,3498.21
70,         Bosnia and Herzegovina,Female,,1917.11,1923.737,1894.073,1800.458,1779.585
70,         Bosnia and Herzegovina,Male,,1849.60,1857.791,1828.007,1735.497,1718.628
191,         Croatia,Both sexes combined,,4428.07,4378.057,4328.153,4236.016,4115.947
191,         Croatia,Female,,2296.33,2269.656,2243.454,2194.982,2130.139
191,         Croatia,Male,,2131.75,2108.401,2084.697,2041.032,1985.803
292,         Gibraltar,Both sexes combined,,31.18,32.085,33.189,34.228,35
300,         Greece,Both sexes combined,,11142.12,11301.204,11446.005,11217.8,11102.572
300,         Greece,Female,,5602.73,5705.363,5803.902,5694.359,5639.927
300,         Greece,Male,,5539.40,5595.835,5642.095,5523.444,5462.64
336,         Holy See,Both sexes combined,,0.79,0.798,0.794,0.803,0.801
380,         Italy,Both sexes combined,,57293.72,58808.483,59729.807,59504.212,59132.073
380,         Italy,Female,,29495.82,30196.444,30712.878,30542.539,30254.264
380,         Italy,Male,,27797.90,28612.037,29016.922,28961.673,28877.82
470,         Malta,Both sexes combined,,396.67,406.787,416.11,427.616,434.363
470,         Malta,Female,,199.01,204.287,208.949,213.116,216.131
470,         Malta,Male,,197.66,202.503,207.165,214.501,218.239
499,         Montenegro,Both sexes combined,,613.56,616.388,624.285,628.178,629.397
499,         Montenegro,Female,,310.50,313.508,316.672,318.348,318.747
499,         Montenegro,Male,,303.05,302.885,307.613,309.829,310.646
620,         Portugal,Both sexes combined,,10355.12,10565.723,10652.321,10418.473,10218.413
620,         Portugal,Female,,5358.27,5455.583,5552.306,5482.495,5377.79
620,         Portugal,Male,,4996.84,5110.138,5100.019,4935.968,4840.63
674,         San Marino,Both sexes combined,,27.42,29.24,31.11,32.96,33.809
688,         Serbia,Both sexes combined,20,9487.62,9214.986,9029.716,8851.28,8703.942
688,         Serbia,Female,20,4831.60,4710.049,4613.525,4525.486,4451.242
688,         Serbia,Male,20,4656.01,4504.932,4416.196,4325.786,4252.706
705,         Slovenia,Both sexes combined,,1988.50,1996.281,2045.168,2074.788,2082.055
705,         Slovenia,Female,,1017.73,1021.849,1033.574,1045.458,1046.666
705,         Slovenia,Male,,970.77,974.432,1011.59,1029.329,1035.387
724,         Spain,Both sexes combined,21,40903.71,44042.632,46788.63,46397.664,46459.219
724,         Spain,Female,21,20826.42,22319.909,23655.836,23629.453,23661.428
724,         Spain,Male,21,20077.28,21722.725,23132.789,22768.21,22797.79
807,         TFYR Macedonia,Both sexes combined,22,2034.82,2060.272,2070.739,2079.308,2088.035
807,         TFYR Macedonia,Female,22,1015.48,1030.511,1036.243,1039.802,1044.498
807,         TFYR Macedonia,Male,22,1019.34,1029.767,1034.49,1039.511,1043.538
926,      Western Europe,Both sexes combined,23,183042.18,186009.623,188366.087,192032.306,195197.466
926,      Western Europe,Female,23,93549.73,94872.362,95877.095,97516.161,98868.746
926,      Western Europe,Male,23,89492.46,91137.301,92489.006,94516.152,96328.728
40,         Austria,Both sexes combined,,8069.28,8253.65,8409.949,8678.657,8782.21
40,         Austria,Female,,4152.87,4241.597,4311.303,4430.011,4467.782
40,         Austria,Male,,3916.40,4012.059,4098.642,4248.652,4314.43
56,         Belgium,Both sexes combined,,10282.03,10546.886,10938.739,11287.94,11619.972
56,         Belgium,Female,,5247.23,5372.65,5566.774,5739.297,5860.096
56,         Belgium,Male,,5034.82,5174.235,5371.961,5548.634,5759.861
250,         France,Both sexes combined,,59608.20,61233.9,63026.74,64457.201,65721.165
250,         France,Female,,30384.43,31193.877,32093.432,32784.443,33379.154
250,         France,Male,,29223.78,30040.031,30933.311,31672.756,32342.01
276,         Germany,Both sexes combined,,81487.76,81671.234,80894.785,81707.789,82540.45
276,         Germany,Female,,41807.31,41763.017,41238.351,41520.861,41832.094
276,         Germany,Male,,39680.44,39908.226,39656.447,40186.938,40708.353
438,         Liechtenstein,Both sexes combined,,33.29,34.852,36.003,37.403,38.645
442,         Luxembourg,Both sexes combined,,436.10,457.842,507.889,566.741,603.944
442,         Luxembourg,Female,,221.32,231.913,255.593,282.3,300.326
442,         Luxembourg,Male,,214.79,225.935,252.297,284.441,303.625
492,         Monaco,Both sexes combined,,32.08,33.793,37.094,38.307,39.297
528,         Netherlands,Both sexes combined,,15926.19,16367.158,16682.917,16938.499,17181.248
528,         Netherlands,Female,,8037.45,8251.078,8398.523,8518.105,8620.322
528,         Netherlands,Male,,7888.74,8116.075,8284.404,8420.387,8560.93
756,         Switzerland,Both sexes combined,,7167.25,7410.308,7831.971,8319.769,8670.535
756,         Switzerland,Female,,3665.73,3783.161,3975.943,4202.685,4369.345
756,         Switzerland,Male,,3501.52,3627.162,3856.024,4117.089,4301.196
904,   Latin America and the Caribbean,Both sexes combined,,525794.97,561655.871,597561.53,632380.831,664473.538
904,   Latin America and the Caribbean,Female,,265308.77,283586.117,301934.996,319740.033,336193.003
904,   Latin America and the Caribbean,Male,,260486.20,278069.774,295626.505,312640.807,328280.513
915,      Caribbean,Both sexes combined,24,38403.99,40115.79,41724.731,43309.611,44679.436
915,      Caribbean,Female,24,19350.09,20230,21058.816,21872.432,22585.017
915,      Caribbean,Male,24,19053.91,19885.786,20665.886,21437.202,22094.377
660,         Anguilla,Both sexes combined,,11.07,12.638,13.769,14.611,15.283
28,         Antigua and Barbuda,Both sexes combined,,83.58,89.253,94.661,99.923,105.11
28,         Antigua and Barbuda,Female,,44.20,46.473,49.287,51.986,54.622
28,         Antigua and Barbuda,Male,,39.39,42.783,45.367,47.94,50.484
533,         Aruba,Both sexes combined,,90.85,100.031,101.669,104.341,106.438
533,         Aruba,Female,,47.02,52.454,53.2,54.742,55.965
533,         Aruba,Male,,43.85,47.574,48.465,49.597,50.476
44,         Bahamas,Both sexes combined,,297.89,329.249,360.832,386.838,406.839
44,         Bahamas,Female,,152.79,168.529,184.441,197.489,207.574
44,         Bahamas,Male,,145.10,160.706,176.387,189.349,199.261
52,         Barbados,Both sexes combined,,269.85,274.009,279.569,284.217,287.568
52,         Barbados,Female,,140.20,142.479,145.421,148.035,150.066
52,         Barbados,Male,,129.63,131.533,134.147,136.173,137.497
92,         British Virgin Islands,Both sexes combined,,20.65,23.168,27.224,30.113,32.634
535,         Caribbean Netherlands,Both sexes combined,,14.39,14.403,20.94,24.57,26.212
136,         Cayman Islands,Both sexes combined,,41.69,48.622,55.507,59.963,63.89
192,         Cuba,Both sexes combined,,11150.74,11284.253,11333.051,11461.432,11495.492
192,         Cuba,Female,,5556.42,5623.52,5655.069,5726.255,5747.644
192,         Cuba,Male,,5594.31,5660.732,5677.985,5735.179,5747.835
531,         Curaçao,Both sexes combined,,132.10,129.394,147.608,158.01,163.495
531,         Curaçao,Female,,70.08,68.777,79.864,85.717,88.334
531,         Curaçao,Male,,62.03,60.628,67.741,72.29,75.166
212,         Dominica,Both sexes combined,,69.68,70.627,71.44,73.162,75.052
214,         Dominican Republic,Both sexes combined,,8562.62,9237.566,9897.985,10528.394,11108.358
214,         Dominican Republic,Female,,4271.36,4617.725,4957.255,5282.297,5582.566
214,         Dominican Republic,Male,,4291.27,4619.835,4940.721,5246.102,5525.792
308,         Grenada,Both sexes combined,,101.62,102.949,104.677,106.823,109.308
308,         Grenada,Female,,51.38,51.774,52.38,53.243,54.337
308,         Grenada,Male,,50.25,51.178,52.296,53.584,54.976
312,         Guadeloupe,Both sexes combined,25,424.65,439.552,450.718,450.418,448.427
312,         Guadeloupe,Female,25,220.12,226.379,240.469,241.376,241.141
312,         Guadeloupe,Male,25,204.53,213.177,210.242,209.035,207.292
332,         Haiti,Both sexes combined,,8549.20,9263.404,9999.617,10711.061,11371.185
332,         Haiti,Female,,4327.91,4686.363,5056.431,5413.644,5751.34
332,         Haiti,Male,,4221.29,4577.045,4943.177,5297.427,5619.852
388,         Jamaica,Both sexes combined,,2656.86,2744.673,2817.21,2871.934,2913.16
388,         Jamaica,Female,,1336.80,1386.363,1418.292,1442.879,1464.472
388,         Jamaica,Male,,1320.06,1358.299,1398.927,1429.046,1448.695
474,         Martinique,Both sexes combined,,387.00,397.047,394.91,385.842,385.457
474,         Martinique,Female,,205.23,211.978,212.554,209.792,210.495
474,         Martinique,Male,,181.79,185.069,182.361,176.055,174.964
500,         Montserrat,Both sexes combined,,4.96,4.778,4.944,5.124,5.243
630,         Puerto Rico,Both sexes combined,,3796.98,3765.399,3716.693,3673.728,3650.608
630,         Puerto Rico,Female,,1969.44,1957.626,1930.54,1908.028,1895.153
630,         Puerto Rico,Male,,1827.54,1807.776,1786.149,1765.703,1755.452
659,         Saint Kitts and Nevis,Both sexes combined,,45.37,48.611,51.445,54.288,56.813
662,         Saint Lucia,Both sexes combined,,156.95,163.714,172.58,177.206,181.203
662,         Saint Lucia,Female,,80.09,83.616,87.89,90.395,92.574
662,         Saint Lucia,Male,,76.86,80.094,84.684,86.812,88.623
670,         Saint Vincent and the Grenadines,Both sexes combined,,107.90,108.744,109.315,109.455,110.757
670,         Saint Vincent and the Grenadines,Female,,53.57,53.835,54.112,54.234,54.964
670,         Saint Vincent and the Grenadines,Male,,54.33,54.916,55.198,55.226,55.8
534,         Sint Maarten (Dutch part),Both sexes combined,,31.82,32.531,33.124,38.75,41.364
780,         Trinidad and Tobago,Both sexes combined,,1267.98,1296.934,1328.1,1360.092,1377.729
780,         Trinidad and Tobago,Female,,637.37,654.002,670.815,689.005,700.876
780,         Trinidad and Tobago,Male,,630.61,642.93,657.278,671.085,676.85
796,         Turks and Caicos Islands,Both sexes combined,,18.87,26.448,30.994,34.339,36.953
850,         United States Virgin Islands,Both sexes combined,,108.72,107.793,106.149,104.977,104.858
850,         United States Virgin Islands,Female,,56.23,55.714,55.348,54.9,54.935
850,         United States Virgin Islands,Male,,52.50,52.086,50.8,50.075,49.915
916,      Central America,Both sexes combined,,137992.23,148211.558,160556.595,172635.109,184127.254
916,      Central America,Female,,69588.48,74691.232,80885.847,86952.665,92732.781
916,      Central America,Male,,68403.72,73520.32,79670.744,85682.42,91394.463
84,         Belize,Both sexes combined,,247.32,283.277,321.608,359.288,398.007
84,         Belize,Female,,122.79,140.951,160.738,180.181,200.205
84,         Belize,Male,,124.52,142.333,160.868,179.106,197.794
188,         Costa Rica,Both sexes combined,,3925.44,4247.841,4545.28,4807.852,5044.179
188,         Costa Rica,Female,,1955.05,2117.986,2268.445,2402.3,2522.716
188,         Costa Rica,Male,,1970.39,2129.856,2276.833,2405.543,2521.464
222,         El Salvador,Both sexes combined,,5867.63,6028.961,6164.626,6312.478,6479.066
222,         El Salvador,Female,,3040.18,3150.607,3246.088,3342.508,3443.121
222,         El Salvador,Male,,2827.45,2878.346,2918.538,2969.971,3035.939
320,         Guatemala,Both sexes combined,,11650.74,13096.028,14630.417,16252.429,17910.812
320,         Guatemala,Female,,5934.01,6673.511,7444.184,8257.425,9090.066
320,         Guatemala,Male,,5716.74,6422.517,7186.236,7995,8820.741
340,         Honduras,Both sexes combined,,6524.28,7373.43,8194.778,8960.829,9719.265
340,         Honduras,Female,,3280.39,3703.204,4111.848,4493.63,4872.455
340,         Honduras,Male,,3243.90,3670.226,4082.934,4467.193,4846.811
484,         Mexico,Both sexes combined,,101719.67,108472.228,117318.941,125890.949,133870.027
484,         Mexico,Female,,51213.05,54526.576,58930.623,63213.534,67209.795
484,         Mexico,Male,,50506.62,53945.653,58388.317,62677.416,66660.242
558,         Nicaragua,Both sexes combined,,5026.80,5379.328,5737.723,6082.035,6416.568
558,         Nicaragua,Female,,2539.70,2723.934,2910.867,3084.06,3252.573
558,         Nicaragua,Male,,2487.08,2655.387,2826.852,2997.971,3163.996
591,         Panama,Both sexes combined,,3030.35,3330.465,3643.222,3969.249,4289.33
591,         Panama,Female,,1503.31,1654.463,1813.054,1979.027,2141.85
591,         Panama,Male,,1527.03,1676.002,1830.166,1990.22,2147.476
931,      South America,Both sexes combined,26,349398.76,373328.523,395280.204,416436.111,435666.848
931,      South America,Female,26,176370.21,188664.885,199990.333,210914.936,220875.205
931,      South America,Male,26,173028.57,184663.668,195289.875,205521.185,214791.673
32,         Argentina,Both sexes combined,,37057.45,39145.488,41223.889,43417.765,45510.399
32,         Argentina,Female,,18926.13,19996.583,21060.099,22172.55,23227.062
32,         Argentina,Male,,18131.32,19148.91,20163.796,21245.214,22283.35
68,         Bolivia (Plurinational State of),Both sexes combined,,8339.51,9125.409,9918.242,10724.705,11543.982
68,         Bolivia (Plurinational State of),Female,,4158.06,4550.477,4947.772,5353.993,5767.575
68,         Bolivia (Plurinational State of),Male,,4181.46,4574.929,4970.472,5370.71,5776.405
76,         Brazil,Both sexes combined,,175287.59,186917.361,196796.269,205962.108,213863.046
76,         Brazil,Female,,88664.35,94692.614,99864.355,104678.403,108856.075
76,         Brazil,Male,,86623.24,92224.756,96931.916,101283.709,105006.976
152,         Chile,Both sexes combined,,15262.75,16147.064,16993.354,17762.681,18472.639
152,         Chile,Female,,7716.71,8159.812,8583.039,8966.171,9317.343
152,         Chile,Male,,7546.05,7987.254,8410.312,8796.512,9155.299
170,         Colombia,Both sexes combined,,40403.96,43285.634,45918.097,48228.697,50220.412
170,         Colombia,Female,,20423.03,21909.657,23277.207,24485.169,25536.513
170,         Colombia,Male,,19980.93,21375.978,22640.901,23743.535,24683.893
218,         Ecuador,Both sexes combined,,12628.60,13735.233,14934.69,16144.368,17335.642
218,         Ecuador,Female,,6297.39,6856.562,7462.396,8073.297,8675.318
218,         Ecuador,Male,,6331.21,6878.67,7472.29,8071.06,8660.324
238,         Falkland Islands (Malvinas),Both sexes combined,,2.88,2.939,2.852,2.898,2.925
254,         French Guiana,Both sexes combined,,163.17,203.826,234.181,268.691,303.982
254,         French Guiana,Female,,78.94,102.865,117.138,134.375,151.995
254,         French Guiana,Male,,84.22,100.964,117.03,134.315,151.985
328,         Guyana,Both sexes combined,,753.30,750.946,746.556,768.514,790.782
328,         Guyana,Female,,378.78,374.703,373.096,381.464,390.479
328,         Guyana,Male,,374.51,376.24,373.463,387.05,400.299
600,         Paraguay,Both sexes combined,,5302.70,5795.494,6209.877,6639.119,7066.33
600,         Paraguay,Female,,2619.22,2860.748,3059.482,3269.997,3485.637
600,         Paraguay,Male,,2683.48,2934.745,3150.39,3369.124,3580.692
604,         Peru,Both sexes combined,,25914.88,27610.41,29373.646,31376.671,33312.178
604,         Peru,Female,,12964.04,13814.102,14697.919,15703.566,16678.247
604,         Peru,Male,,12950.84,13796.304,14675.72,15673.112,16633.934
740,         Suriname,Both sexes combined,,472.39,498.946,526.103,553.208,577.752
740,         Suriname,Female,,234.07,247.646,261.538,275.41,288.12
740,         Suriname,Male,,238.33,251.306,264.557,277.794,289.639
858,         Uruguay,Both sexes combined,,3321.25,3325.612,3374.415,3431.552,3494.387
858,         Uruguay,Female,,1713.81,1720.425,1747.221,1775.155,1803.863
858,         Uruguay,Male,,1607.44,1605.187,1627.196,1656.4,1690.523
862,         Venezuela (Bolivarian Republic of),Both sexes combined,,24488.34,26784.161,29028.033,31155.134,33172.392
862,         Venezuela (Bolivarian Republic of),Female,,12194.22,13377.195,14537.62,15643.911,16695.488
862,         Venezuela (Bolivarian Republic of),Male,,12294.13,13406.97,14490.428,15511.223,16476.913
905,   Northern America,Both sexes combined,27,312845.03,327545.823,342936.927,356003.541,369158.557
905,   Northern America,Female,27,158672.29,165842.364,173473.003,179839.661,186275.057
905,   Northern America,Male,27,154172.74,161703.447,169463.928,176163.875,182883.513
60,      Bermuda,Both sexes combined,,64.03,65.13,63.956,62.003,60.639
124,      Canada,Both sexes combined,,30735.77,32287.98,34168.668,35949.709,37603.205
124,      Canada,Female,,15510.71,16281.563,17216.375,18117.423,18932.578
124,      Canada,Male,,15225.06,16006.416,16952.293,17832.283,18670.638
304,      Greenland,Both sexes combined,,56.18,56.951,56.638,56.377,56.772
666,      Saint Pierre and Miquelon,Both sexes combined,,6.27,6.261,6.274,6.29,6.407
840,      United States of America,Both sexes combined,,281982.78,295129.501,308641.391,319929.162,331431.534
840,      United States of America,Female,,143099.30,149497.532,156193.735,161660.31,167280.733
840,      United States of America,Male,,138883.47,145631.973,152447.66,158268.854,164150.794
909,   Oceania,Both sexes combined,,31229.42,33567.637,36635.566,39542.98,42383.789
909,   Oceania,Female,,15601.66,16767.26,18269.466,19755.555,21180.537
909,   Oceania,Male,,15627.76,16800.373,18366.099,19787.35,21203.202
927,      Australia/New Zealand,Both sexes combined,,22924.84,24374.258,26490.126,28414.088,30232.597
927,      Australia/New Zealand,Female,,11519.33,12247.743,13282.946,14283.492,15202.262
927,      Australia/New Zealand,Male,,11405.51,12126.511,13207.175,14130.581,15030.338
36,         Australia,Both sexes combined,28,19065.84,20238.903,22120.064,23799.556,25398.177
36,         Australia,Female,28,9554.32,10138.138,11058.649,11937.926,12744.846
36,         Australia,Male,28,9511.53,10100.763,11061.412,11861.62,12653.333
554,         New Zealand,Both sexes combined,,3859.00,4135.355,4370.062,4614.532,4834.42
554,         New Zealand,Female,,1965.01,2109.605,2224.297,2345.566,2457.416
554,         New Zealand,Male,,1893.98,2025.748,2145.763,2268.961,2377.005
928,      Melanesia,Both sexes combined,,7193.99,8048.467,8983.311,9933.15,10908.734
928,      Melanesia,Female,,3536.27,3955.564,4413.937,4882.235,5364.57
928,      Melanesia,Male,,3657.72,4092.919,4569.398,5050.904,5544.157
242,         Fiji,Both sexes combined,,811.22,821.817,859.95,892.149,924.915
242,         Fiji,Female,,399.21,402.775,421.032,438.516,456.462
242,         Fiji,Male,,412.02,419.049,438.922,453.628,468.456
540,         New Caledonia,Both sexes combined,,212.87,232.686,251.037,269.091,286.913
540,         New Caledonia,Female,,105.07,115.683,123.692,133.27,142.684
540,         New Caledonia,Male,,107.80,117.002,127.335,135.82,144.221
598,         Papua New Guinea,Both sexes combined,,5572.22,6314.709,7108.239,7919.825,8755.675
598,         Papua New Guinea,Female,,2741.05,3104.704,3493.248,3891.001,4301.772
598,         Papua New Guinea,Male,,2831.17,3210.005,3615,4028.825,4453.904
90,         Solomon Islands,Both sexes combined,,412.61,469.885,527.79,587.482,647.297
90,         Solomon Islands,Female,,200.52,229.826,259.625,288.852,318.258
90,         Solomon Islands,Male,,212.09,240.062,268.171,298.624,329.036
548,         Vanuatu,Both sexes combined,,185.06,209.37,236.295,264.603,293.934
548,         Vanuatu,Female,,90.42,102.576,116.34,130.596,145.394
548,         Vanuatu,Male,,94.64,106.801,119.97,134.007,148.54
954,      Micronesia,Both sexes combined,29,497.63,502.742,503.056,518.995,541.207
954,      Micronesia,Female,29,248.31,250.175,249.452,257.414,268.67
954,      Micronesia,Male,29,249.32,252.564,253.593,261.563,272.537
316,         Guam,Both sexes combined,,155.33,158.402,159.444,161.797,168.727
316,         Guam,Female,,75.90,77.658,78.416,79.804,83.363
316,         Guam,Male,,79.43,80.748,81.023,81.994,85.366
296,         Kiribati,Both sexes combined,,84.41,92.325,102.652,112.407,122.439
296,         Kiribati,Female,,42.82,46.836,52.117,56.998,62.071
296,         Kiribati,Male,,41.60,45.49,50.529,55.412,60.366
584,         Marshall Islands,Both sexes combined,,52.16,52.055,52.425,52.994,53.251
583,         Micronesia (Fed. States of),Both sexes combined,,107.43,106.196,103.616,104.433,107.774
583,         Micronesia (Fed. States of),Female,,53.05,52.228,50.718,50.946,52.496
583,         Micronesia (Fed. States of),Male,,54.38,53.967,52.901,53.481,55.284
520,         Nauru,Both sexes combined,,10.04,10.114,10.025,11.26,11.227
580,         Northern Mariana Islands,Both sexes combined,,69.09,63.744,54.424,54.816,55.347
585,         Palau,Both sexes combined,,19.18,19.906,20.47,21.288,22.442
957,      Polynesia,Both sexes combined,30,612.97,642.17,659.073,676.747,701.251
957,      Polynesia,Female,30,297.76,313.778,323.131,332.414,345.035
957,      Polynesia,Male,30,315.22,328.379,335.933,344.302,356.17
16,         American Samoa,Both sexes combined,,57.52,59.118,55.637,55.537,55.799
184,         Cook Islands,Both sexes combined,,18.12,19.71,18.545,17.449,17.515
258,         French Polynesia,Both sexes combined,,237.26,254.886,267.82,277.69,290.744
258,         French Polynesia,Female,,115.12,124.149,130.823,136.111,142.967
258,         French Polynesia,Male,,122.14,130.727,136.993,141.575,147.774
570,         Niue,Both sexes combined,,1.90,1.683,1.63,1.629,1.632
882,         Samoa,Both sexes combined,,174.61,179.929,186.205,193.759,200.117
882,         Samoa,Female,,83.69,86.735,90.154,93.802,96.84
882,         Samoa,Male,,90.93,93.189,96.051,99.946,103.27
772,         Tokelau,Both sexes combined,,1.55,1.208,1.14,1.252,1.357
776,         Tonga,Both sexes combined,,98.08,101.041,104.137,106.364,111.037
776,         Tonga,Female,,48.20,50.37,51.981,53.034,55.303
776,         Tonga,Male,,49.89,50.671,52.153,53.334,55.727
798,         Tuvalu,Both sexes combined,,9.42,10.027,10.531,11.001,11.499
876,         Wallis and Futuna Islands,Both sexes combined,,14.50,14.568,13.428,12.066,11.551
